INSERT INTO categoria values (0,'Personalizado','Produto Personalizado');

INSERT INTO preferencia values (0,'NaoDefinido','Nenhuma notificação');

INSERT INTO preferencia values (1,'Importantes','Atualizações do usuário');

INSERT INTO preferencia values (2,'Atualizacoes','Atualizações importantes no grupo e no usuário');

INSERT INTO preferencia values (3,'Todas','Todas as notificações possíveis');

INSERT INTO perfil values (0,'Desconhecido','Perfil desconhecido ou não definido');

INSERT INTO perfil values (1,'Proprietario','Perfil de proprietário e com controles totais sobre o grupo');

INSERT INTO perfil values (2,'Administrador','Perfil de administrador com controles parciais sobre o grupo');

INSERT INTO perfil values (3,'Comum','Perfil comum');

INSERT INTO provedor values (0,'Desconhecido','Provedor de identidade desconhecido ou não definido');

INSERT INTO provedor values (1,'Google','Google provider - OAuth 2.0');

INSERT INTO provedor values (2,'Facebook','Facebook provider');

INSERT INTO tstatus values (0,'Pendente','Pendente aprovação');

INSERT INTO tstatus values (1,'Confirmado','Confirmado na lista');

INSERT INTO tstatus values (2,'Comprado','Comprado');

INSERT INTO unidade values (0,'UN','Unidade');



INSERT INTO categoria values (1,'Alimentos','');

INSERT INTO categoria values (2,'Vestuário','');

INSERT INTO categoria values (3,'Papelaria','');

INSERT INTO categoria values (4,'Utensílios','');

INSERT INTO categoria values (5,'Eletrônicos','');

INSERT INTO categoria values (6,'Bebidas','');


insert into produtos (id_categoria, nome, usercreate,useredit)values (1,'Arroz',0,0);

insert into produtos (id_categoria, nome, usercreate,useredit)values (1,'Feijão',0,0);

insert into produtos (id_categoria, nome, usercreate,useredit)values (1,'Macarrão',0,0);

insert into produtos (id_categoria, nome, usercreate,useredit)values (2,'Camiseta',0,0);

insert into produtos (id_categoria, nome, usercreate,useredit)values (2,'Calça',0,0);

insert into produtos (id_categoria, nome, usercreate,useredit)values (2,'Tênis',0,0);

insert into produtos (id_categoria, nome, usercreate,useredit)values (3,'Caneta',0,0);

insert into produtos (id_categoria, nome, usercreate,useredit)values (3,'Lápis',0,0);

insert into produtos (id_categoria, nome, usercreate,useredit)values (3,'Borracha',0,0);

insert into produtos (id_categoria, nome, usercreate,useredit)values (4,'Garfo',0,0);

insert into produtos (id_categoria, nome, usercreate,useredit)values (4,'Faca',0,0);

insert into produtos (id_categoria, nome, usercreate,useredit)values (4,'Colher',0,0);

insert into produtos (id_categoria, nome, usercreate,useredit)values (5,'Playstation 4',0,0);

insert into produtos (id_categoria, nome, usercreate,useredit)values (5,'Xbox One',0,0);

insert into produtos (id_categoria, nome, usercreate,useredit)values (5,'Nintendo Switch',0,0);

insert into produtos (id_categoria, nome, usercreate,useredit)values (6,'Refrigerante',0,0);

insert into produtos (id_categoria, nome, usercreate,useredit)values (6,'Cerveja',0,0);

insert into produtos (id_categoria, nome, usercreate,useredit)values (6,'Água',0,0);